{
  "project_info": {
    "project_number": "125785557820",
    "firebase_url": "https://jbs-firebaseapps-5fdac.firebaseio.com",
    "project_id": "jbs-firebaseapps-5fdac",
    "storage_bucket": "jbs-firebaseapps-5fdac.appspot.com"
  },
  "client": [
    {
      "client_info": {
        "mobilesdk_app_id": "1:125785557820:android:380b9bc8d3a09811",
        "android_client_info": {
          "package_name": "com.jbs.jbsfirebaseapps"
        }
      },
      "oauth_client": [
        {
          "client_id": "125785557820-oflmtdc34ndqfjoilo2jb607shv45146.apps.googleusercontent.com",
          "client_type": 1,
          "android_info": {
            "package_name": "com.jbs.jbsfirebaseapps",
            "certificate_hash": "AFA077BA86BE0655F252D5DCB430D207FECAD4CC"
          }
        },
        {
          "client_id": "125785557820-eub984tai60g956m228s1f2d47ae0p3e.apps.googleusercontent.com",
          "client_type": 3
        }
      ],
      "api_key": [
        {
          "current_key": "AIzaSyDiW6A_Pu4kMuuiCkg6ITb3Fhx6gYjlse4"
        }
      ],
      "services": {
        "analytics_service": {
          "status": 1
        },
        "appinvite_service": {
          "status": 2,
          "other_platform_oauth_client": [
            {
              "client_id": "125785557820-eub984tai60g956m228s1f2d47ae0p3e.apps.googleusercontent.com",
              "client_type": 3
            }
          ]
        },
        "ads_service": {
          "status": 2
        }
      }
    }
  ],
  "configuration_version": "1"
}